GPS Time, Device Time, Longitude, Latitude,GPS Speed (Meters/second), Horizontal Dilution of Precision, Altitude, Bearing, G(x), G(y), G(z), G(calibrated), 0-100kph Time(s),Acceleration Sensor(Total)(g),Acceleration Sensor(X axis)(g),Acceleration Sensor(Y axis)(g),Acceleration Sensor(Z axis)(g),Air Fuel Ratio(Commanded)(:1),Barometric pressure (from vehicle)(psi),Commanded Equivalence Ratio(lambda),Engine Coolant Temperature(°F),Engine Load(%),Engine Load(Absolute)(%),Engine Oil Temperature(°F),Engine RPM(rpm),Fuel trim bank 1 sensor 2(%),Intake Air Temperature(°F),Intake Manifold Pressure(psi),O2 Sensor1 Equivalence Ratio(alternate),O2 Volts Bank 1 sensor 2(V),Relative Throttle Position(%),Turbo Boost & Vacuum Gauge(psi)
-,22-Jan-2022 21:54:01.621,-,-,-,-,-,-,-1.65105009,6.48300028,7.12395048,0.00820183,-,-0.00346057,-0.16830276,0.66085625,0.62619269,14.77177715,13.92362309,1.00488281,203,21.17647171,15.68627453,-,854,-2.34375,109.40000153,3.62594342,0.99447632,0.69499999,4.31372547,-10.2976799
-,22-Jan-2022 21:54:02.617,-,-,-,-,-,-,-2.5870502,6.61500025,6.8680501,0.06425004,-,0.04273384,-0.30030581,0.65943426,0.64934254,14.77177715,13.92362309,1.00488281,203,20.7843132,16.07843208,-,849,-2.34375,109.40000153,3.62594342,0.99505615,0.64499998,4.31372547,-10.2976799
-,22-Jan-2022 21:54:03.616,-,-,-,-,-,-,-2.15100002,6.6100502,7.03005028,0.01680303,-,-0.00717316,-0.20172784,0.66188073,0.61151379,14.77177715,13.92362309,1.00488281,203,20.3921566,15.68627453,-,850,-2.34375,109.40000153,3.77098107,0.99658203,0.625,4.31372547,-10.1526413
-,22-Jan-2022 21:54:04.616,-,-,-,-,-,-,-1.99095011,6.54495049,7.04700041,0.02016503,-,-0.01592261,-0.20753823,0.66870034,0.59102446,14.48735905,13.92362309,0.98553467,203,20.3921566,15.29411793,-,844,-2.34375,109.40000153,3.62594342,0.99313354,0.52999997,4.31372547,-10.2976799
-,22-Jan-2022 21:54:05.616,-,-,-,-,-,-,-2.08905005,6.5880003,7.67700052,0.01853134,-,-0.00611297,-0.19285934,0.6727829,0.6051988,14.77177715,13.92362309,1.00488281,203,20.7843132,16.07843208,-,860,-3.125,109.40000153,3.91601896,0.99169922,0.72999996,4.31372547,-10.0076046
-,22-Jan-2022 21:54:06.617,-,-,-,-,-,-,-2.06700015,6.60495043,6.84900045,0.00798787,-,-0.00181714,-0.20561162,0.67258406,0.60784405,14.4321804,13.92362309,0.98178101,203,51.76470566,6.66666651,-,1523,-3.125,109.40000153,7.68700027,1.03131104,0.055,5.09803915,-6.23662281
-,22-Jan-2022 21:54:07.616,-,-,-,-,-,-,-1.71495008,6.3300004,7.08300018,0.01135855,-,-0.00768009,-0.19246177,0.66013759,0.61498475,14.25498009,13.92362309,0.96972656,203,12.54901981,36.47058868,-,1486,-5.46875,109.40000153,2.75571704,1.07040405,0.035,12.94117641,-11.16790581
-,22-Jan-2022 21:54:08.616,-,-,-,-,-,-,-1.68900013,6.2890501,7.8300004,0.02509048,-,0.03847859,-0.17217126,0.64108562,0.69816518,14.4321804,13.92362309,0.98178101,203,10.1960783,8.62745094,-,1909,-4.6875,109.40000153,2.32060385,1.06976318,0.065,5.09803915,-11.60301971
-,22-Jan-2022 21:54:09.614,-,-,-,-,-,-,-1.76295006,6.26295042,6.94905043,-0.01060754,-,-0.00624981,-0.17828746,0.64668196,0.63272172,13.77900696,13.92362309,0.93734741,203,19.6078434,13.33333302,-,1078,0,109.40000153,3.33586788,1.07815552,0.025,4.70588255,-10.5877552
-,22-Jan-2022 21:54:10.615,-,-,-,-,-,-,-1.7509501,6.30105019,7.14300013,0.01046239,-,-0.01244547,-0.17848624,0.64230883,0.62813455,13.77900696,13.92362309,0.93734741,203,21.56862831,15.68627453,-,869,0,111.19999695,3.48090577,0.97973633,0.625,5.09803915,-10.44271755
-,22-Jan-2022 21:54:11.616,-,-,-,-,-,-,-1.65600014,6.16995049,7.38195038,0.01098081,-,0.00071403,-0.17564221,0.63180429,0.65545875,13.77900696,13.92362309,0.93734741,203,21.56862831,16.86274529,-,869,0,111.19999695,3.62594342,0.94882202,0.82999998,5.09803915,-10.2976799
-,22-Jan-2022 21:54:12.616,-,-,-,-,-,-,-1.61505008,6.23700047,7.18605042,0.00866666,-,-0.00461757,-0.15218654,0.63842511,0.64790523,14.77177715,13.92362309,1.00488281,203,22.35294151,17.25490189,-,855,0,111.19999695,3.62594342,0.95697021,0.81999999,5.09803915,-10.2976799
-,22-Jan-2022 21:54:13.616,-,-,-,-,-,-,-1.40205002,6.17700052,7.55205059,0.00857013,-,-0.00817033,-0.14414373,0.62894499,0.65279818,14.77177715,13.92362309,1.00488281,203,23.13725471,17.64705849,-,858,-8.59375,109.40000153,3.62594342,0.98104858,0.70999998,5.09803915,-10.2976799
-,22-Jan-2022 21:54:14.616,-,-,-,-,-,-,-2.54595017,6.96000051,6.45795012,0.02103704,-,0.00176469,-0.26055047,0.70775229,0.55882263,14.77177715,13.92362309,1.00488281,203,22.74509811,17.25490189,-,861,-7.03125,109.40000153,3.62594342,0.99105835,0.63,5.09803915,-10.2976799
-,22-Jan-2022 21:54:15.616,-,-,-,-,-,-,-2.82600021,6.68700027,6.46095037,0.01071735,-,-0.00332207,-0.26686546,0.68501526,0.57247704,14.77177715,13.92362309,1.00488281,203,21.56862831,17.25490189,-,859,-7.03125,109.40000153,3.62594342,0.99163818,0.65999997,4.70588255,-10.2976799
-,22-Jan-2022 21:54:16.615,-,-,-,-,-,-,-2.41695023,6.71805048,6.35100031,0.01409782,-,0.02602143,-0.28857797,0.67380732,0.61743116,14.77177715,13.92362309,1.00488281,203,23.13725471,16.86274529,-,858,-7.03125,109.40000153,3.62594342,0.99435425,0.60499996,4.70588255,-10.2976799
-,22-Jan-2022 21:54:17.615,-,-,-,-,-,-,-1.83000004,6.23895025,7.26000023,0.00847213,-,-0.01225364,-0.19368501,0.63374615,0.63200307,14.4321804,13.92362309,0.98178101,203,21.56862831,16.86274529,-,867,-5.46875,109.40000153,3.62594342,0.9977417,0.11499999,4.70588255,-10.2976799
-,22-Jan-2022 21:54:18.615,-,-,-,-,-,-,-2.02905011,6.68205023,6.02505016,-0.00284269,-,-0.00912728,-0.1880734,0.62721711,0.64322633,14.77177715,13.92362309,1.00488281,203,20.7843132,16.07843208,-,866,-5.46875,109.40000153,3.62594342,0.98822021,0.755,4.70588255,-10.2976799
-,22-Jan-2022 21:54:19.615,-,-,-,-,-,-,-1.50000012,6.73500013,6.05595016,0.01020799,-,0.00825901,-0.16044343,0.65749234,0.646896,14.77177715,13.92362309,1.00488281,203,21.96078491,16.86274529,-,858,-5.46875,109.40000153,3.62594342,0.99047852,0.73499995,4.70588255,-10.2976799
-,22-Jan-2022 21:54:20.614,-,-,-,-,-,-,-0.76005006,6.81795025,6.9079504,0.02475016,-,0.01900949,-0.10111621,0.67798167,0.65351683,14.77177715,13.92362309,1.00488281,203,21.96078491,17.64705849,-,861,-5.46875,109.40000153,3.62594342,0.99377441,0.09999999,4.70588255,-10.2976799
-,22-Jan-2022 21:54:21.615,-,-,-,-,-,-,-0.43695003,7.02900028,6.86295033,0.01217926,-,-0.00974827,-0.04067278,0.71773702,0.58053517,14.4321804,13.92362309,0.98178101,203,21.17647171,16.47058868,-,868,-4.6875,109.40000153,3.62594342,0.99594116,0.625,4.70588255,-10.2976799
-,22-Jan-2022 21:54:22.615,-,-,-,-,-,-,-0.43500003,7.05495024,6.68595028,0.01003624,-,-0.00786551,-0.04434251,0.71915901,0.58154434,14.77177715,13.92362309,1.00488281,203,21.56862831,16.86274529,-,863,-3.90625,109.40000153,3.62594342,0.99127197,0.73499995,4.70588255,-10.2976799
-,22-Jan-2022 21:54:23.615,-,-,-,-,-,-,-3.01305008,8.12295055,5.21100044,0.02514625,-,-0.03544928,-0.16727829,0.78114676,0.43995416,14.77177715,13.92362309,1.00488281,203,22.35294151,17.25490189,-,861,-3.90625,109.40000153,3.77098107,0.9934082,0.69,4.70588255,-10.1526413
-,22-Jan-2022 21:54:24.615,-,-,-,-,-,-,-2.81595016,6.93600035,5.66805029,-0.02385491,-,-0.0425279,-0.28704894,0.70703363,0.47778288,14.77177715,13.92362309,1.00488281,203,21.96078491,16.86274529,-,859,-3.90625,109.40000153,3.62594342,0.99484253,0.64999998,4.70588255,-10.2976799
-,22-Jan-2022 21:54:25.615,-,-,-,-,-,-,-3.19905019,7.00305033,6.01095009,0.01128088,-,-0.01444296,-0.32518348,0.70866972,0.50224769,14.4321804,13.92362309,0.98178101,203,21.17647171,16.86274529,-,865,-3.90625,109.40000153,3.62594342,0.99942017,0.13499999,4.70588255,-10.2976799
-,22-Jan-2022 21:54:26.617,-,-,-,-,-,-,-3.58995008,7.12500048,6.00105047,0.0255548,-,0.01701399,-0.3617737,0.7055046,0.5363915,14.4321804,13.92362309,0.98178101,204.80000305,21.17647171,16.86274529,-,862,-3.125,109.40000153,3.62594342,0.99307251,0.47,4.70588255,-10.2976799
-,22-Jan-2022 21:54:27.615,-,-,-,-,-,-,-1.23195004,5.60505009,7.85100031,0.02300509,-,-0.00659909,-0.11753823,0.55331802,0.71620792,14.77177715,13.92362309,1.00488281,204.80000305,21.56862831,16.47058868,-,860,-3.125,109.40000153,3.62594342,0.99520874,0.64999998,4.70588255,-10.2976799
-,22-Jan-2022 21:54:28.615,-,-,-,-,-,-,-3.15600014,7.17495012,6.4390502,0.06240598,-,-0.00206863,-0.38154435,0.74525994,0.4424006,14.4321804,13.92362309,0.98178101,204.80000305,20.7843132,16.07843208,-,863,-3.125,109.40000153,3.77098107,0.99398804,0.14,4.70588255,-10.1526413
-,22-Jan-2022 21:54:29.614,-,-,-,-,-,-,-1.02405,4.82205009,8.59605026,0.02911562,-,0.00571306,-0.12732415,0.50347096,0.76085633,14.77177715,13.92362309,1.00488281,204.80000305,20.7843132,16.47058868,-,863,-2.34375,109.40000153,3.62594342,0.98934937,0.755,4.70588255,-10.2976799
-,22-Jan-2022 21:54:30.614,-,-,-,-,-,-,-1.88805008,5.70000029,7.69800043,0.01061401,-,0.01236526,-0.24414372,0.5927676,0.6830734,14.77177715,13.92362309,1.00488281,204.80000305,20.7843132,16.47058868,-,858,-3.125,109.40000153,3.62594342,0.99090576,0.72499996,4.70588255,-10.2976799
-,22-Jan-2022 21:54:31.615,-,-,-,-,-,-,-1.34895003,5.75295019,7.54695034,-0.00059195,-,-0.02260021,-0.13750765,0.58643728,0.66931194,14.77177715,13.92362309,1.00488281,204.80000305,21.17647171,16.47058868,-,858,-3.125,109.40000153,3.62594342,0.99356079,0.69499999,4.31372547,-10.2976799
-,22-Jan-2022 21:54:32.615,-,-,-,-,-,-,-1.23705006,5.7510004,7.70295048,0.00520229,-,-0.01539036,-0.13995413,0.59010708,0.67522937,14.4321804,13.92362309,0.98178101,204.80000305,20.3921566,16.07843208,-,857,-3.125,109.40000153,3.62594342,0.99832153,0.185,4.31372547,-10.2976799
-,22-Jan-2022 21:54:33.615,-,-,-,-,-,-,-2.22000003,6.24600029,7.52805042,-0.00422354,-,0.0167984,-0.21487769,0.62496942,0.67227829,14.4321804,13.92362309,0.98178101,204.80000305,20.3921566,15.68627453,-,864,-3.125,109.40000153,3.62594342,0.99398804,0.16,4.31372547,-10.2976799
-,22-Jan-2022 21:54:34.615,-,-,-,-,-,-,-1.33500004,6.1500001,7.24800014,-0.00252235,-,-0.00221097,-0.11120795,0.62354738,0.67053521,14.77177715,13.92362309,1.00488281,204.80000305,20.7843132,16.07843208,-,855,-3.125,109.40000153,3.62594342,0.99319458,0.71999997,4.31372547,-10.2976799
-,22-Jan-2022 21:54:35.614,-,-,-,-,-,-,-1.47600007,6.17205048,7.63605022,0.01441765,-,0.01246083,-0.15045872,0.62915903,0.6783945,14.4321804,13.92362309,0.98178101,204.80000305,20.3921566,15.68627453,-,859,-3.125,109.40000153,3.77098107,0.99621582,0.17,4.31372547,-10.1526413
-,22-Jan-2022 21:54:36.616,-,-,-,-,-,-,-0.82305002,5.8369503,7.82505035,0.00102689,-,-0.01607239,-0.11845566,0.61651379,0.65718657,14.77177715,13.92362309,1.00488281,204.80000305,20.3921566,15.68627453,-,832,-3.125,109.40000153,3.62594342,0.99023438,0.74000001,4.31372547,-10.2976799
-,22-Jan-2022 21:54:37.615,-,-,-,-,-,-,-1.54095006,6.71295023,6.79305029,0.00512332,-,-0.02811492,-0.16238531,0.67503059,0.57961774,14.77177715,13.92362309,1.00488281,204.80000305,24.31372643,20.7843132,-,910,-3.125,109.40000153,4.6412077,0.99313354,0.685,5.88235283,-9.28241539
-,22-Jan-2022 21:54:38.616,-,-,-,-,-,-,-1.52595007,6.49500036,7.30095053,0.00444746,-,-0.00899312,-0.1443425,0.68766052,0.59836394,14.4321804,13.92362309,0.98178101,204.80000305,24.31372643,18.43137169,-,907,-3.125,109.40000153,4.20609426,1.00204468,0.07,5.88235283,-9.7175293
-,22-Jan-2022 21:54:39.615,-,-,-,-,-,-,-1.5979501,6.7060504,6.88905048,0.01299638,-,-0.00391643,-0.15749235,0.67695719,0.61304283,14.77177715,13.92362309,1.00488281,204.80000305,23.92156982,18.03921509,-,871,-2.34375,109.40000153,3.91601896,0.99453735,0.69999999,4.70588255,-10.0076046
-,22-Jan-2022 21:54:40.615,-,-,-,-,-,-,-1.28400004,6.3199501,7.28205013,0.01525342,-,-0.00950243,-0.10600917,0.64016819,0.64790523,14.77177715,13.92362309,1.00488281,204.80000305,22.74509811,17.25490189,-,847,-3.125,109.40000153,3.91601896,0.99606323,0.60499996,4.70588255,-10.0076046
-,22-Jan-2022 21:54:41.615,-,-,-,-,-,-,-1.45905006,6.75795031,7.00200033,0.02206391,-,-0.01859366,-0.14851682,0.67767584,0.59368503,14.4321804,13.92362309,0.98178101,204.80000305,21.96078491,17.64705849,-,850,-3.125,109.40000153,3.77098107,0.99658203,0.14,5.09803915,-10.1526413
-,22-Jan-2022 21:54:42.615,-,-,-,-,-,-,-3.72405028,6.62205029,6.16605043,0.01936855,-,-0.00584488,-0.36860856,0.67258406,0.53200305,14.77177715,13.92362309,1.00488281,204.80000305,23.13725471,17.64705849,-,849,-2.34375,109.40000153,3.77098107,0.99371338,0.72499996,5.09803915,-10.1526413
-,22-Jan-2022 21:54:43.615,-,-,-,-,-,-,-1.78695011,5.60700035,7.72905016,0.02074436,-,0.00192994,-0.1800153,0.57155967,0.70255351,14.4321804,13.92362309,0.98178101,204.80000305,21.96078491,17.25490189,-,851,-2.34375,109.40000153,3.91601896,0.99758911,0.145,5.09803915,-10.0076046
-,22-Jan-2022 21:54:44.615,-,-,-,-,-,-,-1.24395001,5.85405016,7.50000048,-0.00861815,-,-0.02398297,-0.13995413,0.60622323,0.65157497,14.77177715,13.92362309,1.00488281,204.80000305,23.13725471,18.03921509,-,838,-2.34375,109.40000153,3.77098107,0.99429321,0.71499997,5.09803915,-10.1526413
-,22-Jan-2022 21:54:45.617,-,-,-,-,-,-,-0.76005006,5.32695007,7.89705038,-0.02096504,-,-0.043247,-0.07013761,0.55474007,0.67594802,14.4321804,13.92362309,0.98178101,204.80000305,21.96078491,17.64705849,-,861,-2.34375,109.40000153,3.91601896,1.00112915,0.12,4.70588255,-10.0076046
-,22-Jan-2022 21:54:46.616,-,-,-,-,-,-,-0.86295003,5.49705029,8.0020504,0.0125311,-,-0.00612946,-0.08796636,0.56035167,0.71570337,14.4321804,13.92362309,0.98178101,204.80000305,21.17647171,16.07843208,-,876,-2.34375,109.40000153,3.62594342,0.99768066,0.105,4.70588255,-10.2976799
-,22-Jan-2022 21:54:47.615,-,-,-,-,-,-,-1.95705009,5.7289505,8.77305031,0.01970329,-,-0.00159052,-0.04943425,0.53200305,0.74301231,14.77177715,13.92362309,1.00488281,204.80000305,21.56862831,16.07843208,-,859,-2.34375,109.40000153,3.77098107,0.99435425,0.70999998,4.70588255,-10.1526413
-,22-Jan-2022 21:54:48.615,-,-,-,-,-,-,-0.88995004,5.62905025,7.61205053,0.00861595,-,0.00353941,-0.09530582,0.57645261,0.71548933,14.4321804,13.92362309,0.98178101,204.80000305,21.56862831,16.47058868,-,871,-2.34375,109.40000153,3.62594342,0.99816895,0.09999999,4.70588255,-10.2976799
-,22-Jan-2022 21:54:49.615,-,-,-,-,-,-,-0.84405005,5.48295021,8.09100056,0.00784697,-,-0.00553223,-0.10285933,0.56594801,0.71081042,14.77177715,13.92362309,1.00488281,204.80000305,21.17647171,16.07843208,-,863,-2.34375,109.40000153,3.77098107,0.99179077,0.73499995,4.70588255,-10.1526413
-,22-Jan-2022 21:54:50.616,-,-,-,-,-,-,-1.08105004,5.69595051,7.94505024,0.0129816,-,-0.01219069,-0.0814526,0.575948,0.69796634,14.77177715,13.92362309,1.00488281,203,20.7843132,16.47058868,-,867,-2.34375,109.40000153,3.62594342,0.99627686,0.66499996,4.70588255,-10.2976799
-,22-Jan-2022 21:54:51.616,-,-,-,-,-,-,-1.01205003,5.4079504,8.15295029,0.02161855,-,-0.02031136,-0.10703364,0.55351681,0.70081043,14.4321804,13.92362309,0.98178101,203,20.3921566,16.47058868,-,864,-2.34375,109.40000153,3.62594342,0.99453735,0.17,4.70588255,-10.2976799
-,22-Jan-2022 21:54:52.616,-,-,-,-,-,-,-1.15005004,5.5260005,7.73205042,0.00788051,-,0.00604619,-0.12527522,0.56422019,0.72304279,14.77177715,13.92362309,1.00488281,201.19999695,21.17647171,15.68627453,-,857,-2.34375,109.40000153,3.77098107,0.99313354,0.745,4.70588255,-10.1526413
-,22-Jan-2022 21:54:53.615,-,-,-,-,-,-,-1.40700006,5.54700041,7.97805023,0.00463167,-,-0.00850793,-0.13506116,0.56819576,0.70081043,14.4321804,13.92362309,0.98178101,201.19999695,21.17647171,16.47058868,-,867,-2.34375,109.40000153,3.62594342,0.99789429,0.09999999,4.70588255,-10.2976799
-,22-Jan-2022 21:54:54.617,-,-,-,-,-,-,-0.46095002,5.74800014,7.69305038,0.02017724,-,-0.01502315,-0.0116208,0.54668194,0.71885324,14.4321804,13.92362309,0.98178101,197.6000061,20.7843132,16.07843208,-,854,-2.34375,109.40000153,3.62594342,0.99349976,0.73499995,4.31372547,-10.2976799
-,22-Jan-2022 21:54:55.616,-,-,-,-,-,-,-0.72405005,6.52095032,7.26000023,0.00509802,-,-0.00126877,-0.07114679,0.65087157,0.65371561,14.4321804,13.92362309,0.98178101,197.6000061,20.7843132,15.68627453,-,853,-2.34375,109.40000153,3.62594342,0.99627686,0.57999998,4.70588255,-10.2976799
-,22-Jan-2022 21:54:56.615,-,-,-,-,-,-,-1.08600008,5.59995031,7.92795038,0.02667339,-,0.00411075,-0.09602446,0.54159021,0.73964828,14.4321804,13.92362309,0.98178101,197.6000061,21.56862831,16.47058868,-,856,-2.34375,109.40000153,3.62594342,0.99536133,0.145,4.31372547,-10.2976799
-,22-Jan-2022 21:54:57.616,-,-,-,-,-,-,-1.19595003,5.88000011,7.48800039,-0.002859,-,-0.0215248,-0.12191131,0.59938836,0.66330278,14.77177715,13.92362309,1.00488281,195.80000305,21.17647171,15.68627453,-,862,-2.34375,109.40000153,3.62594342,0.98852539,0.75,4.31372547,-10.2976799
-,22-Jan-2022 21:54:58.616,-,-,-,-,-,-,-1.56000006,5.99700022,7.50000048,0.01310258,-,-0.02605366,-0.16360855,0.61723244,0.63496941,14.77177715,13.92362309,1.00488281,195.80000305,20.3921566,16.47058868,-,853,-2.34375,109.40000153,3.77098107,0.99328613,0.69999999,4.70588255,-10.1526413
-,22-Jan-2022 21:54:59.615,-,-,-,-,-,-,-1.39005005,5.98995018,7.40595055,0.00989487,-,-0.00149257,-0.15290521,0.6108104,0.67451072,14.77177715,13.92362309,1.00488281,195.80000305,20.7843132,15.68627453,-,852,-2.34375,109.40000153,3.62594342,0.99435425,0.685,4.31372547,-10.2976799
-,22-Jan-2022 21:55:00.625,-,-,-,-,-,-,-1.29195011,6.21705008,7.49505043,0.03503243,-,-0.01946264,-0.12191131,0.62986237,0.64108568,14.4321804,13.92362309,0.98178101,195.80000305,21.17647171,16.47058868,-,860,-2.34375,109.40000153,3.62594342,0.9954834,0.125,4.70588255,-10.2976799
-,22-Jan-2022 21:55:01.622,-,-,-,-,-,-,-0.43695003,6.33705044,7.47105026,0.00204177,-,0.02197015,-0.07431193,0.63577986,0.69622326,14.77177715,13.92362309,1.00488281,195.80000305,20.7843132,16.47058868,-,851,-2.34375,111.19999695,3.62594342,0.99127197,0.74000001,4.31372547,-10.2976799
-,22-Jan-2022 21:55:02.622,-,-,-,-,-,-,-0.79605001,6.44505024,7.26300049,0.01215708,-,-0.00593221,-0.0919419,0.6559633,0.64077979,14.77177715,13.92362309,1.00488281,195.80000305,20,16.07843208,-,850,-2.34375,111.19999695,3.62594342,0.99435425,0.69,4.31372547,-10.2976799
-,22-Jan-2022 21:55:03.622,-,-,-,-,-,-,-1.06695008,6.51405048,7.06605053,0.00955175,-,-0.00831925,-0.09704893,0.66279817,0.63077986,14.75248718,13.92362309,1.00357056,195.80000305,21.17647171,15.68627453,-,854,-2.34375,111.19999695,3.62594342,0.99520874,0.625,4.31372547,-10.2976799
-,22-Jan-2022 21:55:04.624,-,-,-,-,-,-,-1.15005004,6.62205029,6.95400047,0.01198677,-,-0.01614883,-0.12090214,0.6727829,0.60714066,14.77177715,13.92362309,1.00488281,195.80000305,20.7843132,15.68627453,-,851,-2.34375,111.19999695,3.62594342,0.99511719,0.58499998,4.31372547,-10.2976799
-,22-Jan-2022 21:55:05.623,-,-,-,-,-,-,-1.91595006,6.57195044,7.16205025,0.00833993,-,-0.01292723,-0.19530581,0.67726302,0.59051985,14.77177715,13.92362309,1.00488281,195.80000305,20.3921566,15.68627453,-,853,-2.34375,111.19999695,3.62594342,0.993927,0.70999998,4.31372547,-10.2976799
-,22-Jan-2022 21:55:06.628,-,-,-,-,-,-,-1.56495011,6.31605053,7.38705015,0.01376867,-,0.00677453,-0.15504587,0.64209479,0.65932721,14.4321804,13.92362309,0.98178101,195.80000305,20.7843132,15.68627453,-,849,-2.34375,111.19999695,3.62594342,0.99621582,0.45999998,4.31372547,-10.2976799
-,22-Jan-2022 21:55:07.622,-,-,-,-,-,-,-1.00200009,6.06195021,7.47300053,0.00493395,-,-0.00453952,-0.11365443,0.61937308,0.67053521,14.77177715,13.92362309,1.00488281,195.80000305,20.7843132,15.29411793,-,852,-2.34375,111.19999695,3.62594342,0.99008179,0.72499996,4.31372547,-10.2976799
-,22-Jan-2022 21:55:08.622,-,-,-,-,-,-,-1.11495006,6.13395023,7.45695019,0.00980556,-,-0.01150012,-0.11773701,0.62304282,0.65790522,14.77177715,13.92362309,1.00488281,195.80000305,20.7843132,16.07843208,-,851,-2.34375,111.19999695,3.62594342,0.99090576,0.71499997,4.31372547,-10.2976799
-,22-Jan-2022 21:55:09.614,-,-,-,-,-,-,-0.95400006,6.16005039,7.39905024,0.01008738,-,-0.00671841,-0.11529052,0.62426603,0.6635015,14.77177715,13.92362309,1.00488281,195.80000305,20.3921566,15.68627453,-,849,-2.34375,111.19999695,3.62594342,0.99407959,0.66499996,4.31372547,-10.2976799
-,22-Jan-2022 21:55:10.622,-,-,-,-,-,-,-1.01205003,6.0949502,7.55895042,0.0118362,-,-0.00448122,-0.10316513,0.62129968,0.67053521,14.6327076,13.92362309,0.99542236,197.6000061,20,16.47058868,-,851,-2.34375,111.19999695,3.62594342,0.99615479,0.145,4.31372547,-10.2976799
-,22-Jan-2022 21:55:11.624,-,-,-,-,-,-,-1.03305006,6.15300035,7.39005041,0.01064135,-,-0.00727786,-0.11529052,0.6301682,0.65790522,14.77177715,13.92362309,1.00488281,197.6000061,20.3921566,16.07843208,-,857,-2.34375,111.19999695,3.62594342,0.9899292,0.72499996,4.31372547,-10.2976799
-,22-Jan-2022 21:55:12.626,-,-,-,-,-,-,-1.07895005,6.17400026,7.48305035,0.01523831,-,-0.0043688,-0.1035627,0.63088685,0.66279817,14.77177715,13.92362309,1.00488281,197.6000061,20.7843132,16.47058868,-,841,-3.125,111.19999695,3.62594342,0.99307251,0.70999998,4.31372547,-10.2976799
-,22-Jan-2022 21:55:13.622,-,-,-,-,-,-,-0.60705,6.16200018,7.47105026,0.00813019,-,-0.01316907,-0.0725841,0.6323089,0.65371561,14.77177715,13.92362309,1.00488281,197.6000061,20.3921566,15.68627453,-,848,-3.125,111.19999695,3.62594342,0.99349976,0.67500001,4.31372547,-10.2976799
-,22-Jan-2022 21:55:14.623,-,-,-,-,-,-,-0.73395002,6.13800049,7.49205017,0.00894849,-,-0.01711202,-0.06747707,0.62671256,0.65371561,14.77177715,13.92362309,1.00488281,197.6000061,21.17647171,15.68627453,-,849,-3.125,111.19999695,3.62594342,0.99563599,0.505,4.31372547,-10.2976799
-,22-Jan-2022 21:55:15.624,-,-,-,-,-,-,-1.49505007,5.68395042,7.70805025,0.00575919,-,-0.01553742,-0.15555046,0.59958714,0.66472477,14.4321804,13.92362309,0.98178101,197.6000061,20.3921566,15.68627453,-,858,-3.125,111.19999695,3.62594342,0.9954834,0.19999999,4.31372547,-10.2976799
-,22-Jan-2022 21:55:16.624,-,-,-,-,-,-,-1.60995007,6.23700047,7.34595013,0.00999618,-,-0.00591438,-0.14781345,0.63139141,0.65301222,14.77177715,13.92362309,1.00488281,197.6000061,20.3921566,16.07843208,-,845,-3.125,111.19999695,3.62594342,0.99349976,0.71999997,4.31372547,-10.2976799
-,22-Jan-2022 21:55:17.622,-,-,-,-,-,-,-1.53105009,6.18900013,7.63605022,0.01808055,-,-0.00413183,-0.15310398,0.63547403,0.65087157,14.4321804,13.92362309,0.98178101,197.6000061,20.7843132,15.68627453,-,847,-3.125,111.19999695,3.62594342,0.99673462,0.19499999,4.31372547,-10.2976799
-,22-Jan-2022 21:55:18.622,-,-,-,-,-,-,-1.18395007,6.0949502,7.41600037,0.00493073,-,-0.01560744,-0.11845566,0.61763,0.65688074,14.77177715,13.92362309,1.00488281,197.6000061,20,15.68627453,-,854,-3.125,111.19999695,3.62594342,0.98965454,0.72999996,4.31372547,-10.2976799
-,22-Jan-2022 21:55:19.627,-,-,-,-,-,-,-0.90405005,6.04500008,7.70100021,0.01101308,-,-0.00863863,-0.09460244,0.61253822,0.67328745,14.77177715,13.92362309,1.00488281,197.6000061,21.17647171,15.68627453,-,847,-3.125,111.19999695,3.62594342,0.99276733,0.71999997,4.31372547,-10.2976799
-,22-Jan-2022 21:55:20.614,-,-,-,-,-,-,-0.78900003,6.04500008,7.42500019,-0.01402673,-,-0.05178437,-0.06013761,0.60744649,0.62518352,14.4321804,13.92362309,0.98178101,197.6000061,20.3921566,15.68627453,-,850,-3.125,111.19999695,3.62594342,0.99594116,0.17,4.31372547,-10.2976799
-,22-Jan-2022 21:55:21.615,-,-,-,-,-,-,-0.91605002,5.77005005,7.86300039,0.01756132,-,-0.01835113,-0.06819572,0.59204894,0.67961776,14.77177715,13.92362309,1.00488281,197.6000061,20.3921566,15.68627453,-,852,-3.125,111.19999695,3.62594342,0.99215698,0.72999996,4.31372547,-10.2976799
-,22-Jan-2022 21:55:22.615,-,-,-,-,-,-,-0.70305002,6.11205006,7.57605028,0.01260309,-,-0.02356429,-0.06625383,0.61692661,0.65351683,14.69282246,13.92362309,0.99951172,197.6000061,21.17647171,16.07843208,-,852,-3.125,111.19999695,3.62594342,0.99520874,0.63,4.31372547,-10.2976799
-,22-Jan-2022 21:55:23.614,-,-,-,-,-,-,-2.52000022,6.8539505,6.57795048,0.00043055,-,-0.01645198,-0.25729358,0.69816518,0.54270643,14.4321804,13.92362309,0.98178101,197.6000061,20.3921566,15.29411793,-,860,-3.125,111.19999695,3.62594342,0.99047852,0.65999997,4.31372547,-10.2976799
-,22-Jan-2022 21:55:24.615,-,-,-,-,-,-,-1.35195005,6.22005033,7.24800014,0.00230867,-,-0.02133707,-0.13068807,0.63741589,0.63058102,14.76370239,13.92362309,1.0043335,197.6000061,20.7843132,15.68627453,-,858,-3.125,111.19999695,3.62594342,0.990448,0.745,4.31372547,-10.2976799
-,22-Jan-2022 21:55:25.615,-,-,-,-,-,-,-1.93605006,6.49005032,7.20795012,0.02318647,-,0.01437993,-0.16900611,0.63863915,0.66931194,14.71345806,13.92362309,1.00091553,197.6000061,21.17647171,16.07843208,-,853,-3.125,111.19999695,3.62594342,0.99261475,0.69499999,4.31372547,-10.2976799
-,22-Jan-2022 21:55:26.616,-,-,-,-,-,-,-1.50495005,6.4930501,6.82905054,0.00851547,-,-0.02167591,-0.15749235,0.66574919,0.59888381,14.68923187,13.92362309,0.99926758,197.6000061,20.3921566,15.68627453,-,852,-3.125,111.19999695,3.62594342,0.99349976,0.68000001,4.31372547,-10.2976799
-,22-Jan-2022 21:55:27.615,-,-,-,-,-,-,-0.97305006,5.91600037,7.79205036,0.00650625,-,0.00255237,-0.0991896,0.6030581,0.69429666,14.69865417,13.92362309,0.99990845,197.6000061,21.56862831,16.47058868,-,855,-3.125,111.19999695,3.62594342,0.99356079,0.68000001,4.31372547,-10.2976799
-,22-Jan-2022 21:55:28.616,-,-,-,-,-,-,-0.82005006,5.80800009,7.76505041,0.00698861,-,-0.01455003,-0.08949541,0.5883792,0.68501526,14.66814899,13.92362309,0.99783325,197.6000061,20.7843132,16.07843208,-,853,-3.125,111.19999695,3.62594342,0.99563599,0.62,4.31372547,-10.2976799
-,22-Jan-2022 21:55:29.616,-,-,-,-,-,-,-0.88500005,5.92500019,7.70505047,0.01389819,-,-0.00476194,-0.09021407,0.60397553,0.68542814,14.74037457,13.92362309,1.00274658,197.6000061,21.17647171,16.07843208,-,852,-3.125,111.19999695,3.62594342,0.99328613,0.69499999,4.31372547,-10.2976799
-,22-Jan-2022 21:55:30.615,-,-,-,-,-,-,-1.08300006,5.96595049,7.66200018,0.01154453,-,0.00171161,-0.09633028,0.59888375,0.69674313,14.74082279,13.92362309,1.0027771,197.6000061,21.17647171,15.68627453,-,852,-3.125,111.19999695,3.62594342,0.99371338,0.69999999,4.31372547,-10.2976799
-,22-Jan-2022 21:55:31.615,-,-,-,-,-,-,-1.11195004,6.08595037,7.61700058,0.0100756,-,-0.01063503,-0.0991896,0.61651379,0.66697246,14.5829134,13.92362309,0.99203491,197.6000061,20.3921566,15.68627453,-,845,-3.125,111.19999695,3.62594342,0.99447632,0.50999999,4.31372547,-10.2976799
-,22-Jan-2022 21:55:32.622,-,-,-,-,-,-,-1.04805005,6.28200006,7.45905018,0.01677894,-,0.01468335,-0.11162079,0.63649851,0.68185019,14.73095417,13.92362309,1.00210571,201.19999695,20.7843132,16.07843208,-,851,-3.125,111.19999695,3.62594342,0.99542236,0.69,4.31372547,-10.2976799
-,22-Jan-2022 21:55:33.622,-,-,-,-,-,-,-1.86600006,6.18900013,8.71095085,0.00136606,-,0.10612818,-0.19021407,0.63088685,0.78796643,14.4321804,13.92362309,0.98178101,201.19999695,21.17647171,15.29411793,-,851,-3.125,111.19999695,3.62594342,0.99398804,0.175,4.31372547,-10.2976799
-,22-Jan-2022 21:55:34.623,-,-,-,-,-,-,-1.39905012,6.96705055,6.69300032,0.01409,-,0.00316654,-0.11365443,0.70581037,0.60325688,14.77177715,13.92362309,1.00488281,201.19999695,20,16.07843208,-,851,-3.125,111.19999695,3.62594342,0.99377441,0.71499997,4.31372547,-10.2976799
-,22-Jan-2022 21:55:35.616,-,-,-,-,-,-,-2.89995003,7.12500048,6.07995033,0.01135442,-,-0.0001521,-0.29561162,0.7262997,0.51977068,14.59951115,13.92362309,0.99316406,201.19999695,21.17647171,16.07843208,-,853,-3.125,111.19999695,3.62594342,0.99606323,0.59999996,4.31372547,-10.2976799
-,22-Jan-2022 21:55:36.623,-,-,-,-,-,-,-2.98200011,7.00005054,6.16605043,0.00893548,-,-0.0246908,-0.29908258,0.7130428,0.49388379,14.4321804,13.92362309,0.98178101,201.19999695,20.7843132,16.07843208,-,857,-3.125,111.19999695,3.62594342,0.99484253,0.70999998,4.31372547,-10.2976799
-,22-Jan-2022 21:55:37.624,-,-,-,-,-,-,-2.95305014,6.90705013,6.20505047,0.00971442,-,-0.01070985,-0.30876148,0.71142203,0.51365447,14.77177715,13.92362309,1.00488281,201.19999695,20,15.29411793,-,852,-3.125,111.19999695,3.62594342,0.99319458,0.70999998,4.31372547,-10.2976799
-,22-Jan-2022 21:55:38.622,-,-,-,-,-,-,-2.49600005,6.53100014,6.88005018,0.01876285,-,0.00307267,-0.24659023,0.64770639,0.62466359,14.77177715,13.92362309,1.00488281,201.19999695,21.17647171,16.47058868,-,853,-3.125,111.19999695,3.62594342,0.99758911,0.19499999,4.31372547,-10.2976799
-,22-Jan-2022 21:55:39.624,-,-,-,-,-,-,-2.60595012,6.51705027,6.58005047,0.0012738,-,0.00322405,-0.25688076,0.65310401,0.61640674,14.59323025,13.92362309,0.99273682,201.19999695,20.7843132,16.07843208,-,858,-3.125,111.19999695,3.62594342,0.99407959,0.54500002,4.31372547,-10.2976799
-,22-Jan-2022 21:55:40.624,-,-,-,-,-,-,-1.49805009,5.93700027,7.40895033,0.00035743,-,-0.03878759,-0.15218654,0.6154893,0.62201834,14.77177715,13.92362309,1.00488281,201.19999695,20.3921566,15.68627453,-,848,-3.125,111.19999695,3.62594342,0.99291992,0.72499996,4.31372547,-10.2976799
-,22-Jan-2022 21:55:41.622,-,-,-,-,-,-,-2.32095003,6.5020504,6.9850502,0.00949652,-,-0.00975,-0.19704893,0.63577986,0.63272172,14.4321804,13.92362309,0.98178101,201.19999695,20.3921566,16.07843208,-,856,-3.125,111.19999695,3.62594342,0.99694824,0.26499999,4.31372547,-10.2976799
-,22-Jan-2022 21:55:42.625,-,-,-,-,-,-,-2.35395002,6.57705021,6.54900026,0.01446937,-,-0.02230265,-0.27512231,0.66555047,0.56074923,14.77177715,13.92362309,1.00488281,201.19999695,20.3921566,15.68627453,-,851,-3.125,111.19999695,3.62594342,0.99215698,0.54500002,4.31372547,-10.2976799
-,22-Jan-2022 21:55:43.622,-,-,-,-,-,-,-1.82805014,5.94900036,7.56705046,0.00784516,-,-0.02728604,-0.21804282,0.64525998,0.5939908,14.77177715,13.92362309,1.00488281,201.19999695,20.3921566,15.68627453,-,846,-3.125,111.19999695,3.62594342,0.9960022,0.65499997,4.31372547,-10.2976799
-,22-Jan-2022 21:55:44.622,-,-,-,-,-,-,-1.48800004,5.84895039,7.75305033,0.01183459,-,-0.00117113,-0.14607033,0.59694189,0.68695718,14.4321804,13.92362309,0.98178101,201.19999695,20.7843132,16.07843208,-,857,-3.125,111.19999695,3.62594342,0.99768066,0.095,4.31372547,-10.2976799
-,22-Jan-2022 21:55:45.630,-,-,-,-,-,-,-1.77495003,6.12195015,7.74900055,0.00395605,-,0.0180122,-0.22782876,0.64720184,0.65157497,14.59278202,13.92362309,0.9927063,201.19999695,20.3921566,16.07843208,-,852,-3.125,111.19999695,3.62594342,0.993927,0.44999999,4.31372547,-10.2976799
-,22-Jan-2022 21:55:46.615,-,-,-,-,-,-,-0.90405005,5.8369503,7.83495045,0.00841902,-,-0.01718272,-0.08389908,0.5974465,0.67542815,14.4321804,13.92362309,0.98178101,201.19999695,20.3921566,16.07843208,-,849,-3.125,111.19999695,3.62594342,0.9972229,0.25999999,4.31372547,-10.2976799
-,22-Jan-2022 21:55:47.614,-,-,-,-,-,-,-0.93300003,5.98095036,7.50195026,0.01074362,-,-0.02724053,-0.09551988,0.61111623,0.6503517,14.4321804,13.92362309,0.98178101,201.19999695,20,16.07843208,-,861,-3.125,111.19999695,3.62594342,0.99673462,0.12,4.31372547,-10.2976799
-,22-Jan-2022 21:55:48.615,-,-,-,-,-,-,-0.79605001,5.87805033,6.17100048,-0.00397946,-,0.00298125,-0.1382263,0.60886848,0.68451071,14.77177715,13.92362309,1.00488281,201.19999695,20,15.29411793,-,854,-3.125,111.19999695,3.62594342,0.99099731,0.73499995,4.31372547,-10.2976799
-,22-Jan-2022 21:55:49.616,-,-,-,-,-,-,-1.01595008,5.91600037,7.54500055,0.00915423,-,-0.01684207,-0.1035627,0.6030581,0.66911316,14.77177715,13.92362309,1.00488281,201.19999695,20.7843132,16.07843208,-,853,-3.125,111.19999695,3.62594342,0.99371338,0.66499996,4.31372547,-10.2976799
-,22-Jan-2022 21:55:50.615,-,-,-,-,-,-,-0.93300003,6.31800032,7.26000023,0.01044365,-,-0.01047597,-0.09510703,0.64403671,0.64475536,14.62956905,13.92362309,0.99520874,201.19999695,20.3921566,15.68627453,-,853,-3.125,111.19999695,3.62594342,0.99462891,0.505,4.31372547,-10.2976799
-,22-Jan-2022 21:55:51.615,-,-,-,-,-,-,-1.30395007,6.51900053,7.24800014,0.01576778,-,-0.01467705,-0.11723241,0.66065753,0.62110096,14.77177715,13.92362309,1.00488281,201.19999695,20,15.29411793,-,858,-3.125,111.19999695,3.62594342,0.99453735,0.69999999,4.31372547,-10.2976799
-,22-Jan-2022 21:55:52.614,-,-,-,-,-,-,-1.25595009,6.39000034,7.21695042,0.00990683,-,-0.00893199,-0.13088685,0.65351683,0.63302755,14.44025612,13.92362309,0.98233032,201.19999695,21.17647171,15.68627453,-,848,-3.125,111.19999695,3.62594342,0.99542236,0.405,4.31372547,-10.2976799
-,22-Jan-2022 21:55:53.615,-,-,-,-,-,-,-1.18395007,6.16995049,7.22205019,0.02418352,-,-0.15124486,-0.07625382,0.6503517,0.4395566,14.4321804,13.92362309,0.98178101,201.19999695,20.7843132,15.68627453,-,838,-3.125,111.19999695,3.62594342,0.9934082,0.72499996,4.31372547,-10.2976799
-,22-Jan-2022 21:55:54.615,-,-,-,-,-,-,-0.50895,5.59500027,8.09805012,-0.00675659,-,-0.06123948,-0.10163609,0.63475531,0.58368504,14.4321804,13.92362309,0.98178101,201.19999695,20.3921566,16.07843208,-,852,-3.125,111.19999695,3.62594342,0.99847412,0.11499999,4.31372547,-10.2976799
-,22-Jan-2022 21:55:55.615,-,-,-,-,-,-,-0.58995003,5.89005041,7.85595036,0.00410026,-,-0.00390203,-0.05168196,0.59938836,0.69347095,14.4321804,13.92362309,0.98178101,203,21.17647171,16.07843208,-,851,-2.34375,111.19999695,3.62594342,0.99716187,0.11499999,4.31372547,-10.2976799
-,22-Jan-2022 21:55:56.614,-,-,-,-,-,-,-0.72405005,5.9020505,7.65000057,0.01425067,-,-0.00227751,-0.05504587,0.58990824,0.70233947,14.65468979,13.92362309,0.99691772,203,20.7843132,15.29411793,-,854,-2.34375,111.19999695,3.62594342,0.99606323,0.35999998,4.31372547,-10.2976799
-,22-Jan-2022 21:55:57.614,-,-,-,-,-,-,-0.78405005,5.88195038,8.28195,0.05756921,-,-0.00210685,-0.06096331,0.59551984,0.69796634,14.50889301,13.92362309,0.98699951,203,21.17647171,16.07843208,-,857,-2.34375,111.19999695,3.62594342,0.99685669,0.66499996,4.31372547,-10.2976799
-,22-Jan-2022 21:55:58.615,-,-,-,-,-,-,-1.12695003,5.98500013,7.66995049,0.01119332,-,0.00955545,-0.10285933,0.61376148,0.69449538,14.4321804,13.92362309,0.98178101,203,20.7843132,16.07843208,-,852,-2.34375,111.19999695,3.62594342,0.9899292,0.71999997,4.31372547,-10.2976799
-,22-Jan-2022 21:55:59.614,-,-,-,-,-,-,-1.09095001,6.14295006,7.16505051,0.02253803,-,-0.00174949,-0.12946483,0.61885321,0.67206424,14.7148037,13.92362309,1.00100708,203,21.17647171,16.07843208,-,847,-2.34375,111.19999695,3.62594342,0.99090576,0.69,4.31372547,-10.2976799
-,22-Jan-2022 21:56:00.616,-,-,-,-,-,-,-1.50195003,6.1050005,6.57600021,-0.00992443,-,0.02192579,-0.07603975,0.57227832,0.74281347,14.7148037,13.92362309,1.00100708,203,21.17647171,16.07843208,-,847,-2.34375,111.19999695,3.62594342,0.99090576,0.69,4.31372547,-10.2976799
-,22-Jan-2022 21:56:01.615,-,-,-,-,-,-,-0.85095006,5.76000023,8.36100006,0.02655807,-,0.01982922,-0.09949541,0.59235477,0.72374624,14.7148037,13.92362309,1.00100708,203,21.17647171,16.07843208,-,847,-2.34375,111.19999695,3.62594342,0.99090576,0.69,4.31372547,-10.2976799
-,22-Jan-2022 21:56:02.615,-,-,-,-,-,-,-1.55295002,5.83395004,7.36995029,-0.00985318,-,-0.0071719,-0.10163609,0.57400608,0.70325691,14.4321804,13.92362309,0.98178101,203,20,15.68627453,-,853,-2.34375,111.19999695,3.62594342,0.99563599,0.32999998,4.31372547,-10.2976799
-,22-Jan-2022 21:56:03.615,-,-,-,-,-,-,-1.32300007,5.85600042,7.5640502,0.01270581,-,-0.02859349,-0.14464831,0.5976606,0.65157497,14.77177715,13.92362309,1.00488281,203,21.17647171,15.68627453,-,847,-2.34375,111.19999695,3.62594342,0.99447632,0.625,4.31372547,-10.2976799
-,22-Jan-2022 21:56:04.615,-,-,-,-,-,-,-1.18905008,5.18100023,9.05505085,0.02129264,-,-0.12706006,-0.11406728,0.56891441,0.55178899,14.4321804,13.92362309,0.98178101,203,20.7843132,15.29411793,-,844,-2.34375,111.19999695,3.62594342,0.99694824,0.16499999,4.31372547,-10.2976799
-,22-Jan-2022 21:56:05.614,-,-,-,-,-,-,-1.36095011,5.73405027,7.95900059,-0.02179673,-,0.0098651,-0.1387309,0.58451068,0.71131504,14.4321804,13.92362309,0.98178101,203,20,16.07843208,-,853,-2.34375,111.19999695,3.62594342,0.99490356,0.35999998,4.31372547,-10.2976799
-,22-Jan-2022 21:56:06.616,-,-,-,-,-,-,-1.88100004,5.27700043,7.97595024,-0.00089117,-,-0.03329755,-0.17798164,0.54811931,0.67573398,14.77177715,13.92362309,1.00488281,203,21.17647171,16.47058868,-,853,-2.34375,111.19999695,3.62594342,0.99627686,0.64499998,4.31372547,-10.2976799
-,22-Jan-2022 21:56:07.615,-,-,-,-,-,-,-1.74600005,5.4850502,8.31599998,0.04997438,-,0.01722948,-0.15993884,0.55087155,0.73964828,14.4321804,13.92362309,0.98178101,203,20.7843132,16.07843208,-,851,-2.34375,111.19999695,3.62594342,0.99789429,0.095,4.31372547,-10.2976799
-,22-Jan-2022 21:56:08.614,-,-,-,-,-,-,-1.0710001,5.65695047,7.8079505,0.00648095,-,-0.00382732,-0.11967891,0.5850153,0.69694191,14.77177715,13.92362309,1.00488281,203,20,15.29411793,-,849,-1.5625,111.19999695,3.62594342,0.99462891,0.67500001,4.31372547,-10.2976799
-,22-Jan-2022 21:56:09.615,-,-,-,-,-,-,-1.40895009,5.64495039,7.83495045,0.01051024,-,-0.00031734,-0.11804282,0.5778746,0.70672786,14.77177715,13.92362309,1.00488281,203,20.7843132,16.07843208,-,849,-1.5625,111.19999695,3.62594342,0.99520874,0.68000001,4.31372547,-10.2976799
-,22-Jan-2022 21:56:10.616,-,-,-,-,-,-,-1.28400004,5.65500021,7.95000029,0.00740608,-,-0.00501439,-0.11487767,0.57380736,0.70428133,14.4321804,13.92362309,0.98178101,203,19.6078434,15.68627453,-,854,-1.5625,111.19999695,3.62594342,0.99578857,0.205,4.31372547,-10.2976799
-,22-Jan-2022 21:56:11.614,-,-,-,-,-,-,-1.47405005,5.44905043,7.9260006,0.01404586,-,-0.01121605,-0.14923547,0.55912846,0.7013303,14.77177715,13.92362309,1.00488281,203,20.7843132,16.07843208,-,848,-1.5625,111.19999695,3.62594342,0.99520874,0.69999999,4.31372547,-10.2976799
-,22-Jan-2022 21:56:12.617,-,-,-,-,-,-,-1.37295008,5.52795029,7.82505035,0.00951859,-,-0.01034558,-0.13169725,0.55524468,0.70814985,14.4321804,13.92362309,0.98178101,203,20.7843132,16.07843208,-,855,-1.5625,111.19999695,3.62594342,0.99789429,0.14999999,4.31372547,-10.2976799
-,22-Jan-2022 21:56:13.614,-,-,-,-,-,-,-1.57395005,5.01105022,7.41795015,-0.054474,-,-0.0731575,-0.16044343,0.51081038,0.65616208,14.77177715,13.92362309,1.00488281,203,21.17647171,15.68627453,-,856,-1.5625,111.19999695,3.62594342,0.99078369,0.74000001,4.31372547,-10.2976799
-,22-Jan-2022 21:56:14.615,-,-,-,-,-,-,-1.88805008,4.78800011,8.17500019,0.02606933,-,-0.02172142,-0.23466361,0.49735475,0.70866972,14.77177715,13.92362309,1.00488281,203,20.7843132,16.07843208,-,856,-1.5625,111.19999695,3.62594342,0.99621582,0.63499999,4.31372547,-10.2976799
-,22-Jan-2022 21:56:15.615,-,-,-,-,-,-,-1.20105004,4.30305004,8.43600082,0.01638332,-,0.00140995,-0.13975535,0.43374619,0.79133034,14.4321804,13.92362309,0.98178101,203,20,15.29411793,-,857,-1.5625,111.19999695,3.62594342,0.99621582,0.14999999,4.31372547,-10.2976799
-,22-Jan-2022 21:56:16.615,-,-,-,-,-,-,-1.25595009,5.44200039,8.23005009,-0.00822443,-,-0.02277632,-0.10233945,0.56085628,0.69327217,14.752038,13.92362309,1.00354004,203,20.7843132,15.68627453,-,847,-1.5625,111.19999695,3.62594342,0.98934937,0.75,4.31372547,-10.2976799
-,22-Jan-2022 21:56:17.615,-,-,-,-,-,-,-1.48800004,5.15505028,8.25105,0.00160001,-,-0.0241587,-0.11070337,0.51100916,0.7235474,14.70807457,13.92362309,1.00054932,203,20.3921566,15.68627453,-,858,-2.34375,111.19999695,3.62594342,0.99291992,0.70499998,4.31372547,-10.2976799
-,22-Jan-2022 21:56:18.615,-,-,-,-,-,-,-0.99000007,5.2600503,7.88700056,-0.00937063,-,-0.02455694,-0.10561162,0.53639144,0.70744652,14.70314026,13.92362309,1.00021362,203,20.3921566,15.29411793,-,857,-2.34375,111.19999695,3.62594342,0.99307251,0.68000001,4.31372547,-10.2976799
-,22-Jan-2022 21:56:19.615,-,-,-,-,-,-,-1.20795012,5.26500034,7.91805029,0.00293047,-,0.00331375,-0.10998471,0.53792053,0.73934257,14.73409367,13.92362309,1.00231934,203,20.3921566,15.68627453,-,851,-2.34375,109.40000153,3.62594342,0.99121094,0.71999997,4.31372547,-10.2976799
-,22-Jan-2022 21:56:20.614,-,-,-,-,-,-,-0.98295003,5.46600008,7.93995047,0.01312521,-,-0.01538068,-0.11090215,0.55718654,0.70377678,14.68788719,13.92362309,0.99917603,203,20.7843132,16.07843208,-,848,-2.34375,109.40000153,3.62594342,0.99371338,0.66999996,4.31372547,-10.2976799
-,22-Jan-2022 21:56:21.615,-,-,-,-,-,-,-1.09500003,5.28600025,8.06205082,0.01918523,-,0.00665101,-0.0891896,0.54444951,0.74159026,14.72422504,13.92362309,1.00164795,203,19.6078434,15.29411793,-,862,-2.34375,109.40000153,3.62594342,0.99185181,0.69999999,4.31372547,-10.2976799
-,22-Jan-2022 21:56:22.615,-,-,-,-,-,-,-1.11000001,5.14005041,8.17695045,0.01702771,-,-0.00864526,-0.11314984,0.52396029,0.73353213,14.7385807,13.92362309,1.00262451,203,21.17647171,16.07843208,-,859,-2.34375,109.40000153,3.62594342,0.99035645,0.71499997,4.31372547,-10.2976799
-,22-Jan-2022 21:56:23.614,-,-,-,-,-,-,-1.30800009,5.21205044,8.06895065,0.01323161,-,-0.00796755,-0.13608563,0.52863914,0.72793579,14.75697327,13.92362309,1.00387573,203,20.3921566,15.29411793,-,843,-2.34375,109.40000153,3.62594342,0.98934937,0.72999996,4.31372547,-10.2976799
-,22-Jan-2022 21:56:24.615,-,-,-,-,-,-,-1.8019501,4.60395002,8.29200077,0.02877114,-,0.05307646,-0.1800153,0.47247708,0.82334858,14.50575256,13.92362309,0.98678589,204.80000305,20.7843132,16.07843208,-,852,-2.34375,109.40000153,3.62594342,0.99615479,0.53499997,4.31372547,-10.2976799
-,22-Jan-2022 21:56:25.614,-,-,-,-,-,-,0.77100003,5.47800016,8.27295017,-0.04627592,-,0.00969976,0.10152905,0.58746177,0.7144801,14.77177715,13.92362309,1.00488281,204.80000305,20.7843132,15.68627453,-,859,-2.34375,109.40000153,3.62594342,0.99365234,0.49499997,4.31372547,-10.2976799
-,22-Jan-2022 21:56:26.615,-,-,-,-,-,-,0.10305001,5.16195011,8.34705067,0.03705942,-,0.01201988,0.00561162,0.49449542,0.78256875,14.77177715,13.92362309,1.00488281,204.80000305,20,15.29411793,-,850,-2.34375,109.40000153,3.62594342,0.99105835,0.71499997,4.31372547,-10.2976799
-,22-Jan-2022 21:56:27.615,-,-,-,-,-,-,-0.20295002,5.79600048,7.74900055,0.0232037,-,-0.00041811,-0.0891896,0.57472473,0.71253824,14.76145935,13.92362309,1.00418091,204.80000305,20,15.68627453,-,841,-2.34375,109.40000153,3.62594342,0.99478149,0.66499996,4.31372547,-10.2976799
-,22-Jan-2022 21:56:28.615,-,-,-,-,-,-,0.23700002,5.66700029,8.0020504,0.05675396,-,0.01282881,-0.02110092,0.57227832,0.73496944,14.4321804,13.92362309,0.98178101,204.80000305,20,15.68627453,-,854,-2.34375,109.40000153,3.62594342,0.99636841,0.09999999,4.31372547,-10.2976799
-,22-Jan-2022 21:56:29.616,-,-,-,-,-,-,-0.42795002,6.21705008,7.28205013,-0.01369053,-,-0.02895581,-0.04240061,0.63211006,0.63547403,14.77177715,13.92362309,1.00488281,204.80000305,20.3921566,15.68627453,-,850,-2.34375,109.40000153,3.62594342,0.99157715,0.73499995,4.31372547,-10.2976799
-,22-Jan-2022 21:56:30.615,-,-,-,-,-,-,-0.10905001,6.68895054,7.00905037,0.01789106,-,-0.00853068,-0.02966361,0.66452605,0.63475531,14.4321804,13.92362309,0.98178101,204.80000305,20.3921566,15.68627453,-,858,-2.34375,109.40000153,3.62594342,0.99606323,0.38499999,4.31372547,-10.2976799
-,22-Jan-2022 21:56:31.618,-,-,-,-,-,-,0.26100001,7.23705053,6.54900026,0.00785185,-,-0.00436619,0.0266055,0.73772174,0.5675841,14.77177715,13.92362309,1.00488281,204.80000305,20.7843132,15.29411793,-,859,-2.34375,109.40000153,3.62594342,0.99185181,0.67500001,4.31372547,-10.2976799
-,22-Jan-2022 21:56:32.623,-,-,-,-,-,-,-0.29100001,6.56895018,7.34895039,0.01954032,-,-0.00148755,-0.0030581,0.66402143,0.64525998,14.77177715,13.92362309,1.00488281,204.80000305,19.6078434,15.29411793,-,856,-2.34375,109.40000153,3.62594342,0.99291992,0.70499998,4.31372547,-10.2976799
-,22-Jan-2022 21:56:33.616,-,-,-,-,-,-,-1.72695005,6.8230505,5.88405037,-0.03318867,-,-0.06453376,-0.17603976,0.69551992,0.49980125,14.77177715,13.92362309,1.00488281,204.80000305,20.3921566,16.07843208,-,855,-2.34375,109.40000153,3.62594342,0.99563599,0.63999999,4.31372547,-10.2976799
-,22-Jan-2022 21:56:34.614,-,-,-,-,-,-,-4.32195044,7.13205051,4.67295027,0.02825292,-,0.12814645,-0.47206426,0.73720181,0.61100918,14.77177715,13.92362309,1.00488281,204.80000305,20,15.68627453,-,853,-2.34375,109.40000153,3.62594342,0.99536133,0.505,4.31372547,-10.2976799
-,22-Jan-2022 21:56:35.616,-,-,-,-,-,-,-3.81495023,6.99300051,5.8909502,0.01241679,-,-0.00237233,-0.36299694,0.70744646,0.50194192,14.77177715,13.92362309,1.00488281,204.80000305,20.7843132,23.13725471,-,852,-2.34375,109.40000153,3.62594342,0.9954834,0.68000001,5.88235283,-10.2976799
-,22-Jan-2022 21:56:36.615,-,-,-,-,-,-,-1.85700011,6.92400026,6.55200052,0.01229226,-,-0.00111858,-0.19704893,0.71019882,0.57370031,14.77177715,13.92362309,1.00488281,204.80000305,29.01960754,20.7843132,-,857,-2.34375,109.40000153,4.6412077,0.99136353,0.71999997,5.88235283,-9.28241539
-,22-Jan-2022 21:56:37.616,-,-,-,-,-,-,-0.97605002,6.32505035,7.35405016,0.00348603,-,-0.02925982,-0.09989297,0.65382266,0.61009181,14.5443325,13.92362309,0.9894104,204.80000305,24.31372643,18.8235302,-,891,-2.34375,109.40000153,4.06105661,0.99963379,0.075,5.49019623,-9.86256599
-,22-Jan-2022 21:56:38.614,-,-,-,-,-,-,-3.73095012,7.44105053,5.60100031,0.04172844,-,0.02307788,-0.38032109,0.75851685,0.47094804,14.77177715,13.92362309,1.00488281,204.80000305,21.96078491,16.47058868,-,861,-2.34375,109.40000153,3.91601896,0.99710083,0.68000001,4.70588255,-10.0076046
-,22-Jan-2022 21:56:39.615,-,-,-,-,-,-,-3.62100029,6.94995022,5.69205046,0.01215388,-,0.01094931,-0.37665138,0.71019882,0.5124312,14.4321804,13.92362309,0.98178101,204.80000305,22.35294151,16.47058868,-,845,-2.34375,109.40000153,3.91601896,0.99758911,0.105,4.70588255,-10.0076046
-,22-Jan-2022 21:56:40.615,-,-,-,-,-,-,-2.32095003,6.79005051,6.35505009,0.01813235,-,0.0208747,-0.40295109,0.71509176,0.50642204,14.77177715,13.92362309,1.00488281,204.80000305,21.96078491,16.86274529,-,843,-2.34375,109.40000153,3.91601896,0.990448,0.75,4.70588255,-10.0076046
-,22-Jan-2022 21:56:41.615,-,-,-,-,-,-,-1.69905007,7.4770503,6.06105042,0.00867625,-,0.00455261,-0.1648318,0.75045872,0.54659027,14.7385807,13.92362309,1.00262451,204.80000305,21.56862831,17.64705849,-,839,-2.34375,109.40000153,3.91601896,0.99642944,0.65499997,4.70588255,-10.0076046
-,22-Jan-2022 21:56:42.615,-,-,-,-,-,-,-2.50500011,7.62495041,5.52000046,0.00595506,-,-0.00865368,-0.23925078,0.76188076,0.48685017,14.4321804,13.92362309,0.98178101,204.80000305,21.17647171,16.47058868,-,850,-2.34375,109.40000153,3.77098107,0.996521,0.095,4.70588255,-10.1526413
-,22-Jan-2022 21:56:43.615,-,-,-,-,-,-,-2.13195014,7.39305019,5.83095026,0.01043319,-,-0.00380804,-0.23363914,0.76065749,0.49877676,14.44294643,13.92362309,0.98251343,204.80000305,21.56862831,16.86274529,-,845,-2.34375,109.40000153,3.77098107,0.99542236,0.19999999,4.70588255,-10.1526413
-,22-Jan-2022 21:56:44.615,-,-,-,-,-,-,-2.83605003,7.5630002,5.47500038,0.00531592,-,-0.01464027,-0.26340979,0.75891441,0.47003061,14.77177715,13.92362309,1.00488281,204.80000305,22.74509811,15.68627453,-,856,-2.34375,109.40000153,3.77098107,0.99462891,0.70999998,4.70588255,-10.1526413
-,22-Jan-2022 21:56:45.616,-,-,-,-,-,-,-2.99805021,7.68195057,5.42895031,0.0254119,-,-0.01731076,-0.21610092,0.73577982,0.51396024,14.4321804,13.92362309,0.98178101,204.80000305,21.17647171,15.29411793,-,874,-2.34375,111.19999695,3.62594342,0.99642944,0.12,4.70588255,-10.2976799
-,22-Jan-2022 21:56:46.615,-,-,-,-,-,-,-1.06395006,7.71105051,6.57105017,-0.00074104,-,-0.06160883,-0.09510703,0.7770642,0.41681957,14.77177715,13.92362309,1.00488281,204.80000305,21.17647171,15.68627453,-,862,-2.34375,111.19999695,3.62594342,0.98730469,0.75999999,4.31372547,-10.2976799
-,22-Jan-2022 21:56:47.616,-,-,-,-,-,-,-0.57795,7.46895027,6.32895041,0.00502679,-,-0.02075122,-0.05015291,0.75607032,0.51977068,14.71256065,13.92362309,1.00085449,204.80000305,20.3921566,15.29411793,-,856,-2.34375,111.19999695,3.62594342,0.9914856,0.685,4.31372547,-10.2976799
-,22-Jan-2022 21:56:48.614,-,-,-,-,-,-,-0.46095002,7.82805014,5.88600016,0.01266263,-,-0.01307485,-0.05015291,0.80194187,0.47247708,14.69551373,13.92362309,0.99969482,203,20.3921566,15.68627453,-,860,-2.34375,111.19999695,3.62594342,0.99255371,0.69999999,4.31372547,-10.2976799
-,22-Jan-2022 21:56:49.615,-,-,-,-,-,-,-1.46895003,7.99095058,4.72995043,-0.01841033,-,0.01092129,-0.08501529,0.77258414,0.54587162,14.67667198,13.92362309,0.99841309,203,20.7843132,16.07843208,-,854,-2.34375,111.19999695,3.62594342,0.99557495,0.67500001,4.31372547,-10.2976799
-,22-Jan-2022 21:56:50.614,-,-,-,-,-,-,-0.51600003,7.15605021,6.69105053,0.01904863,-,-0.00563762,-0.05065749,0.73139143,0.57125384,14.4321804,13.92362309,0.98178101,203,20.3921566,16.07843208,-,869,-2.34375,111.19999695,3.62594342,0.996521,0.125,4.70588255,-10.2976799
-,22-Jan-2022 21:56:51.615,-,-,-,-,-,-,-1.09800005,7.36200047,6.26895046,0.00775884,-,-0.00543846,-0.09357798,0.74087161,0.55637616,14.77177715,13.92362309,1.00488281,203,20,15.68627453,-,867,-2.34375,111.19999695,3.62594342,0.99105835,0.71499997,4.31372547,-10.2976799
-,22-Jan-2022 21:56:52.614,-,-,-,-,-,-,-2.85495019,7.71795034,4.89795017,0.00877943,-,-0.01429744,-0.27125382,0.78185016,0.43486241,14.77177715,13.92362309,1.00488281,201.19999695,21.17647171,15.29411793,-,854,-2.34375,111.19999695,3.62594342,0.99078369,0.71499997,4.31372547,-10.2976799
-,22-Jan-2022 21:56:53.615,-,-,-,-,-,-,-1.69905007,6.4470005,7.25505018,0.01858675,-,-0.00326165,-0.10019878,0.63108563,0.66452605,14.77177715,13.92362309,1.00488281,201.19999695,20.7843132,16.07843208,-,855,-2.34375,111.19999695,3.62594342,0.99240112,0.71499997,4.31372547,-10.2976799
-,22-Jan-2022 21:56:54.614,-,-,-,-,-,-,-1.11705005,6.10305023,7.68405056,0.02065454,-,-0.0320409,-0.09215596,0.63700306,0.62252295,14.4321804,13.92362309,0.98178101,197.6000061,20,15.29411793,-,859,-2.34375,111.19999695,3.62594342,0.99838257,0.09999999,4.31372547,-10.2976799
-,22-Jan-2022 21:56:55.614,-,-,-,-,-,-,-1.50900006,6.89205027,7.56705046,0.04888834,-,0.00775189,-0.06850153,0.65279818,0.66422015,14.45550823,13.92362309,0.98336792,197.6000061,20,15.29411793,-,866,-2.34375,111.19999695,3.62594342,0.99505615,0.16499999,4.31372547,-10.2976799
-,22-Jan-2022 21:56:56.615,-,-,-,-,-,-,-1.14795005,6.5329504,7.87500048,0.06856722,-,-0.05168734,-0.08746178,0.68328744,0.55126911,14.74351406,13.92362309,1.00296021,195.80000305,20.7843132,15.68627453,-,855,-2.34375,111.19999695,3.62594342,0.98724365,0.75999999,4.31372547,-10.2976799
-,22-Jan-2022 21:56:57.614,-,-,-,-,-,-,-1.38705003,6.79200029,6.31500053,0.01427039,-,0.02410056,-0.08287462,0.6643272,0.67451072,14.71435547,13.92362309,1.00097656,195.80000305,21.17647171,15.68627453,-,859,-2.34375,111.19999695,3.62594342,0.99127197,0.72499996,4.31372547,-10.2976799
-,22-Jan-2022 21:56:58.617,-,-,-,-,-,-,-1.14600003,6.92100048,6.61200047,0.01702515,-,-0.00249832,-0.12732415,0.71059632,0.58787459,14.71435547,13.92362309,1.00097656,195.80000305,20.3921566,15.68627453,-,859,-2.34375,111.19999695,3.62594342,0.99127197,0.72499996,4.31372547,-10.2976799
-,22-Jan-2022 21:56:59.614,-,-,-,-,-,-,-0.91605002,6.62205029,7.29900026,0.00757436,-,-0.00522782,-0.0814526,0.67237002,0.62813455,14.71435547,13.92362309,1.00097656,195.80000305,20.3921566,15.68627453,-,859,-2.34375,111.19999695,3.62594342,0.99127197,0.72499996,4.31372547,-10.2976799
-,22-Jan-2022 21:57:00.615,-,-,-,-,-,-,-0.82305002,6.61500025,6.93705034,0.0046478,-,0.00004069,-0.07625382,0.67258406,0.63567281,14.71435547,13.92362309,1.00097656,195.80000305,20.3921566,15.68627453,-,859,-2.34375,111.19999695,3.62594342,0.99127197,0.72499996,4.31372547,-10.2976799
-,22-Jan-2022 21:57:01.616,-,-,-,-,-,-,-1.04295003,6.88500023,6.69105053,0.00342202,-,-0.00784891,-0.10530581,0.70019877,0.59449542,14.71435547,13.92362309,1.00097656,195.80000305,20.3921566,15.68627453,-,859,-2.34375,111.19999695,3.62594342,0.99127197,0.72499996,4.31372547,-10.2976799
-,22-Jan-2022 21:57:02.616,-,-,-,-,-,-,-1.15995002,7.22805023,6.38205051,0.01044792,-,-0.00609525,-0.12752293,0.74139142,0.54903668,14.71435547,13.92362309,1.00097656,195.80000305,20.3921566,15.68627453,-,859,-2.34375,111.19999695,3.62594342,0.99127197,0.72499996,4.31372547,-10.2976799
-,22-Jan-2022 21:57:03.616,-,-,-,-,-,-,-1.27695,7.20600033,6.36300039,0.00719079,-,-0.0135693,-0.12527522,0.73577982,0.54444951,14.71435547,13.92362309,1.00097656,195.80000305,20.3921566,15.68627453,-,859,-2.34375,111.19999695,3.62594342,0.99127197,0.72499996,4.31372547,-10.2976799
-,22-Jan-2022 21:57:04.615,-,-,-,-,-,-,-1.17900002,7.19400024,6.39105034,0.00650626,-,-0.00995544,-0.12191131,0.73842508,0.54759938,14.71435547,13.92362309,1.00097656,195.80000305,20.3921566,15.68627453,-,859,-2.34375,111.19999695,3.62594342,0.99127197,0.72499996,4.31372547,-10.2976799
-,22-Jan-2022 21:57:05.615,-,-,-,-,-,-,-1.1910001,7.19595051,6.3840003,0.01196756,-,-0.0050907,-0.11946484,0.734052,0.56035167,14.71435547,13.92362309,1.00097656,195.80000305,20.3921566,15.68627453,-,859,-2.34375,111.19999695,3.62594342,0.99127197,0.72499996,4.31372547,-10.2976799
-,22-Jan-2022 21:57:06.615,-,-,-,-,-,-,-1.02795005,7.13895035,6.52305031,0.01394473,-,-0.0189697,-0.10408258,0.72579509,0.55126911,14.71435547,13.92362309,1.00097656,195.80000305,20.3921566,15.68627453,-,859,-2.34375,111.19999695,3.62594342,0.99127197,0.72499996,4.31372547,-10.2976799
-,22-Jan-2022 21:57:07.615,-,-,-,-,-,-,-0.96900004,6.63195038,7.11705017,0.01415825,-,-0.00871538,-0.09969419,0.67992353,0.61396021,14.71435547,13.92362309,1.00097656,195.80000305,20.3921566,15.68627453,-,859,-2.34375,111.19999695,3.62594342,0.99127197,0.72499996,4.31372547,-10.2976799
-,22-Jan-2022 21:57:08.616,-,-,-,-,-,-,-1.22205007,6.72300053,7.29600048,0.00896886,-,-0.06694008,-0.16116208,0.71600914,0.47564223,14.71435547,13.92362309,1.00097656,195.80000305,20.3921566,15.68627453,-,847,-2.34375,111.19999695,3.62594342,0.99127197,0.72499996,4.31372547,-10.2976799
-,22-Jan-2022 21:57:09.615,-,-,-,-,-,-,-1.21305001,7.22805023,6.44595051,0.00508496,-,-0.0116842,-0.10478593,0.72477061,0.56319577,14.4321804,13.92362309,0.98178101,195.80000305,20.3921566,15.68627453,-,847,-2.34375,113,3.62594342,0.99627686,0.56,4.31372547,-10.2976799
-,22-Jan-2022 21:57:10.615,-,-,-,-,-,-,-0.84195006,7.15800047,6.41100025,0.00371486,-,-0.01637404,-0.08582569,0.72966361,0.55351681,14.4321804,13.92362309,0.98178101,195.80000305,20.3921566,16.07843208,-,857,-2.34375,113,3.62594342,0.99377441,0.70499998,4.31372547,-10.2976799
-,22-Jan-2022 21:57:11.615,-,-,-,-,-,-,-0.88695002,7.26405048,6.34095049,0.00605541,-,-0.0122596,-0.10600917,0.7431193,0.54148316,14.77177715,13.92362309,1.00488281,197.6000061,20.3921566,16.47058868,-,854,-2.34375,113,3.62594342,0.99557495,0.20999999,4.31372547,-10.2976799
-,22-Jan-2022 21:57:12.615,-,-,-,-,-,-,-1.00395,7.29000044,6.43395042,0.01160026,-,-0.01647508,-0.09408256,0.74750763,0.53169727,14.77177715,13.92362309,1.00488281,197.6000061,20.7843132,15.68627453,-,855,-2.34375,113,3.62594342,0.98547363,0.75,4.31372547,-10.2976799
-,22-Jan-2022 21:57:13.616,-,-,-,-,-,-,-0.63795,7.14405012,6.44400024,0.00788838,-,-0.01503277,-0.08114678,0.7359786,0.54903668,14.70179462,13.92362309,1.00012207,197.6000061,20.3921566,15.68627453,-,849,-2.34375,113,3.62594342,0.9906311,0.70499998,4.31372547,-10.2976799
-,22-Jan-2022 21:57:14.616,-,-,-,-,-,-,-0.76305002,7.26795053,6.48705053,0.00918538,-,-0.00401452,-0.08062691,0.73995411,0.56126916,14.67128944,13.92362309,0.99804688,197.6000061,20.7843132,15.68627453,-,852,-2.34375,113,3.62594342,0.99447632,0.66499996,4.31372547,-10.2976799
-,22-Jan-2022 21:57:15.615,-,-,-,-,-,-,-1.25100005,7.50300026,6.04395008,0.0143631,-,-0.00272493,-0.12874617,0.76136082,0.53058106,14.7085228,13.92362309,1.00057983,197.6000061,20.3921566,16.07843208,-,856,-2.34375,113,3.62594342,0.9921875,0.69,4.31372547,-10.2976799
-,22-Jan-2022 21:57:16.615,-,-,-,-,-,-,-0.96105003,7.38600016,6.22095013,0.00824308,-,-0.0176611,-0.09285933,0.74331802,0.53496939,14.71794415,13.92362309,1.0012207,197.6000061,20,15.68627453,-,858,-2.34375,113,3.62594342,0.9906311,0.70999998,4.31372547,-10.2976799
-,22-Jan-2022 21:57:17.615,-,-,-,-,-,-,-1.39905012,7.54800034,6.11595011,0.00967976,-,-0.0042948,-0.10948012,0.75168198,0.54322636,14.73633766,13.92362309,1.00247192,197.6000061,21.17647171,16.47058868,-,853,-2.34375,113,3.62594342,0.98986816,0.72999996,4.31372547,-10.2976799
-,22-Jan-2022 21:57:18.615,-,-,-,-,-,-,-2.15100002,7.52205038,6.00600052,0.01889959,-,0.00575289,-0.21926604,0.7667737,0.51223242,14.72871017,13.92362309,1.00195312,197.6000061,20.7843132,15.68627453,-,849,-3.125,113,3.62594342,0.99023438,0.71499997,4.31372547,-10.2976799
-,22-Jan-2022 21:57:19.615,-,-,-,-,-,-,-2.51505017,7.6900506,5.57295036,0.02047461,-,-0.00011178,-0.22925076,0.78185016,0.47900614,14.72377586,13.92362309,1.00161743,197.6000061,20.7843132,16.07843208,-,848,-3.125,113,3.62594342,0.99206543,0.69999999,4.31372547,-10.2976799
-,22-Jan-2022 21:57:20.616,-,-,-,-,-,-,-2.42895007,7.70595026,5.45805025,0.01341611,-,-0.00335134,-0.2429205,0.78409785,0.46463302,14.70807457,13.92362309,1.00054932,197.6000061,20.3921566,15.68627453,-,851,-3.125,113,3.62594342,0.99291992,0.64499998,4.31372547,-10.2976799
-,22-Jan-2022 21:57:21.616,-,-,-,-,-,-,-2.20605016,7.55595016,5.44605017,0.0068721,-,-0.02415863,-0.21998471,0.77503055,0.45004588,14.53984642,13.92362309,0.98910522,197.6000061,20.3921566,15.68627453,-,847,-3.125,113,3.62594342,0.99606323,0.52999997,4.31372547,-10.2976799
-,22-Jan-2022 21:57:22.616,-,-,-,-,-,-,-1.31595004,7.17000055,6.51600027,0.01112373,-,0.01335399,-0.25412843,0.77900612,0.49561164,14.74530888,13.92362309,1.00308228,197.6000061,20,15.29411793,-,860,-3.125,113,3.62594342,0.99307251,0.68000001,4.31372547,-10.2976799
-,22-Jan-2022 21:57:23.615,-,-,-,-,-,-,-1.42605007,7.69695044,5.6659503,-0.00577511,-,-0.02595445,-0.12977064,0.77920491,0.46931195,14.7314024,13.92362309,1.00213623,197.6000061,20,16.07843208,-,846,-3.125,113,3.62594342,0.99520874,0.66999996,4.31372547,-10.2976799
-,22-Jan-2022 21:57:24.615,-,-,-,-,-,-,-1.04295003,7.41000032,6.19500017,0.00985048,-,-0.00692428,-0.10071865,0.7562691,0.53516823,14.67084026,13.92362309,0.99801636,197.6000061,20,15.29411793,-,848,-3.125,113,3.62594342,0.99511719,0.65999997,4.31372547,-10.2976799
-,22-Jan-2022 21:57:25.616,-,-,-,-,-,-,-1.28205001,7.47900057,6.60000038,0.02185068,-,0.03801164,-0.11845566,0.75240064,0.60469419,14.66635418,13.92362309,0.99771118,197.6000061,20.7843132,16.07843208,-,853,-3.125,113,3.62594342,0.99594116,0.63,4.31372547,-10.2976799
-,22-Jan-2022 21:57:26.615,-,-,-,-,-,-,-0.38895002,7.1890502,6.65895033,0.00830454,-,-0.01298584,-0.03108563,0.7338379,0.55882263,14.4321804,13.92362309,0.98178101,197.6000061,20,15.29411793,-,855,-3.125,113,3.62594342,0.9954834,0.17999999,4.31372547,-10.2976799
-,22-Jan-2022 21:57:27.617,-,-,-,-,-,-,-0.06405,6.97395039,6.75000048,0.00220543,-,-0.01568657,-0.00845566,0.70917434,0.58206427,14.77177715,13.92362309,1.00488281,197.6000061,20,16.07843208,-,857,-3.125,113,3.62594342,0.99313354,0.69499999,4.31372547,-10.2976799
-,22-Jan-2022 21:57:28.616,-,-,-,-,-,-,-0.59295005,6.9000001,6.83700037,0.01101923,-,-0.00825137,-0.05045872,0.70500004,0.59521407,14.77177715,13.92362309,1.00488281,197.6000061,20.3921566,16.07843208,-,847,-3.125,113,3.62594342,0.99520874,0.65999997,4.31372547,-10.2976799
-,22-Jan-2022 21:57:29.614,-,-,-,-,-,-,0.19095001,6.60000038,8.25795078,0.01217777,-,0.04826644,0.04444954,0.66819572,0.70600921,14.4321804,13.92362309,0.98178101,197.6000061,20,15.68627453,-,860,-3.125,113,3.62594342,0.99627686,0.20999999,4.31372547,-10.2976799
-,22-Jan-2022 21:57:30.616,-,-,-,-,-,-,-0.13800001,7.12500048,6.46800041,0.02171304,-,-0.02203731,0.01946483,0.7011162,0.58103979,14.77177715,13.92362309,1.00488281,197.6000061,20.7843132,16.07843208,-,851,-3.125,113,3.62594342,0.99261475,0.72999996,4.31372547,-10.2976799
-,22-Jan-2022 21:57:31.615,-,-,-,-,-,-,0.85395002,6.86100054,6.77205038,0.00051468,-,-0.01570156,0.09510703,0.69133031,0.59368503,14.77177715,13.92362309,1.00488281,201.19999695,20.7843132,16.07843208,-,853,-3.125,113,3.62594342,0.99328613,0.66999996,4.31372547,-10.2976799
-,22-Jan-2022 21:57:32.616,-,-,-,-,-,-,0.43995002,6.02805042,8.07900047,0.02045766,-,-0.02151321,0.06288991,0.60133028,0.66891438,14.77177715,13.92362309,1.00488281,201.19999695,20.7843132,15.29411793,-,845,-3.125,113,3.62594342,0.99542236,0.65999997,4.31372547,-10.2976799
-,22-Jan-2022 21:57:33.615,-,-,-,-,-,-,0.97395003,7.59105015,5.70900011,-0.00770217,-,-0.02912083,0.0961315,0.77166665,0.48073399,14.4321804,13.92362309,0.98178101,201.19999695,20,15.29411793,-,846,-3.125,113,3.62594342,0.99789429,0.155,4.31372547,-10.2976799
-,22-Jan-2022 21:57:34.614,-,-,-,-,-,-,0.63405001,7.31100035,6.34605026,0.00682319,-,-0.01552952,0.0795107,0.73720181,0.54709482,14.77177715,13.92362309,1.00488281,201.19999695,20.7843132,15.29411793,-,856,-3.125,113,3.62594342,0.99435425,0.505,4.31372547,-10.2976799
-,22-Jan-2022 21:57:35.614,-,-,-,-,-,-,0.45495003,7.34700012,6.35100031,0.01012021,-,-0.00861453,0.04637615,0.74892962,0.54740065,14.77177715,13.92362309,1.00488281,201.19999695,21.17647171,16.47058868,-,851,-3.125,113,3.62594342,0.99194336,0.73499995,4.31372547,-10.2976799
-,22-Jan-2022 21:57:36.614,-,-,-,-,-,-,0.52395004,7.35405016,6.48195028,0.008524,-,-0.00475904,0.04923547,0.75137615,0.55025995,14.77177715,13.92362309,1.00488281,201.19999695,20,15.29411793,-,852,-3.125,113,3.62594342,0.99563599,0.59499997,4.31372547,-10.2976799
-,22-Jan-2022 21:57:37.622,-,-,-,-,-,-,0.47100002,7.46205044,6.17805052,0.01015815,-,-0.0094116,0.04444954,0.75454128,0.5397554,14.4321804,13.92362309,0.98178101,201.19999695,20.7843132,16.07843208,-,852,-3.125,113,3.62594342,0.99484253,0.13499999,4.31372547,-10.2976799
-,22-Jan-2022 21:57:38.622,-,-,-,-,-,-,0.30405003,6.66495037,6.8989501,-0.00267482,-,0.00483992,0.03068807,0.67818046,0.64036697,14.77177715,13.92362309,1.00488281,201.19999695,20.3921566,16.07843208,-,848,-3.125,113,3.62594342,0.99224854,0.72999996,4.31372547,-10.2976799
